indoorHumid,indoorTemp,outsideHumid,outsideTemp,boxHumid,boxTemp,cpuTemp,cpuFreq,storageUsed,time
91.7,13.9,94.9,15.2,99.9,12.9,25.31,1800.0,2.9,08:15:05
91.7,14.0,94.9,15.2,99.9,13.0,24.34,600.0,2.9,08:15:14
91.8,14.0,94.8,15.2,99.9,13.0,24.34,600.0,2.9,08:15:20
91.8,14.0,94.8,15.3,99.9,13.0,24.82,600.0,2.9,08:15:27
91.8,14.0,94.8,15.3,99.9,13.0,25.31,600.0,2.9,08:15:36
91.8,14.0,94.9,15.4,99.9,13.0,24.82,600.0,2.9,08:15:43
91.9,14.1,94.9,15.4,99.9,13.0,24.82,600.0,2.9,08:15:49
91.9,14.1,94.9,15.5,99.9,13.0,25.31,600.0,2.9,08:15:56
91.9,14.1,94.9,15.5,99.9,13.0,25.31,600.0,2.9,08:16:02
91.9,14.1,94.9,15.6,99.9,13.0,26.28,600.0,2.9,08:16:09
91.9,14.1,94.9,15.6,99.9,13.0,25.31,600.0,2.9,08:16:15
92.0,14.2,94.9,15.6,99.9,13.0,26.77,600.0,2.9,08:16:22
92.0,14.2,94.8,15.6,99.9,13.1,26.28,600.0,2.9,08:16:29
92.0,14.2,94.8,15.6,99.9,13.1,25.8,600.0,2.9,08:16:38
92.0,14.2,94.8,15.6,99.9,13.1,26.28,600.0,2.9,08:16:44
92.1,14.3,94.8,15.6,99.9,13.1,25.8,600.0,2.9,08:16:51
92.1,14.3,94.8,15.8,99.9,13.1,25.31,600.0,2.9,08:17:00
92.1,14.3,94.8,15.8,99.9,13.1,26.28,600.0,2.9,08:17:07
92.1,14.3,94.8,15.8,99.9,13.1,25.8,600.0,2.9,08:17:13
92.1,14.3,94.8,15.8,99.9,13.1,25.8,600.0,2.9,08:17:20
92.1,14.4,94.8,15.8,99.9,13.1,26.28,600.0,2.9,08:17:26
92.1,14.4,94.9,15.8,99.9,13.1,26.77,600.0,2.9,08:17:33
92.2,14.4,94.9,15.9,99.9,13.1,25.8,600.0,2.9,08:17:40
92.2,14.4,94.9,16.0,99.9,13.1,25.8,600.0,2.9,08:17:46
92.2,14.5,94.8,16.0,99.9,13.2,26.77,600.0,2.9,08:18:05
92.2,14.5,94.8,16.0,99.9,13.2,27.26,600.0,2.9,08:18:12
92.2,14.5,94.8,16.0,99.9,13.2,27.75,600.0,2.9,08:18:19
92.2,14.6,94.8,16.1,99.9,13.3,27.26,600.0,2.9,08:18:25
92.2,14.6,94.8,16.1,99.9,13.3,27.26,600.0,2.9,08:18:32
92.2,14.6,94.7,16.1,99.9,13.3,27.26,600.0,2.9,08:18:38
92.2,14.6,94.8,16.1,99.9,13.3,27.26,600.0,2.9,08:18:45
92.2,14.6,94.8,16.1,99.9,13.3,25.8,600.0,2.9,08:18:52
92.2,14.7,94.8,16.1,99.9,13.3,26.77,600.0,2.9,08:18:58
0,0,94.8,16.2,99.9,13.3,26.77,600.0,2.9,08:19:05
0,0,94.8,16.4,99.9,13.3,27.26,600.0,2.9,08:19:49
0,0,94.8,16.4,99.9,13.5,28.23,600.0,2.9,08:20:33
0,0,94.7,16.3,99.9,13.5,28.72,600.0,2.9,08:21:17
0,0,94.8,16.5,99.9,13.6,28.23,600.0,2.9,08:22:01
0,0,94.8,16.5,99.9,13.7,28.23,600.0,2.9,08:22:47
0,0,94.7,16.5,99.9,13.7,29.21,600.0,2.9,08:23:31
0,0,94.8,16.5,99.9,13.9,28.72,600.0,2.9,08:24:20
0,0,94.7,16.6,99.9,13.9,29.21,600.0,2.9,08:25:04
0,0,94.8,16.8,99.9,14.0,29.69,600.0,2.9,08:25:48
0,0,94.9,16.9,99.9,14.1,29.69,600.0,2.9,08:26:32
0,0,94.8,16.9,99.9,14.2,29.21,600.0,2.9,08:27:16
0,0,94.8,16.9,99.9,14.2,30.67,600.0,2.9,08:28:00
0,0,94.8,17.2,99.9,14.3,29.69,600.0,2.9,08:28:44
0,0,94.8,17.3,99.9,14.4,29.69,600.0,2.9,08:29:28
0,0,94.8,17.6,99.9,14.5,30.67,600.0,2.9,08:30:12
50.0,24.0,94.8,17.6,99.9,14.6,28.23,600.0,2.9,08:30:59
91.3,16.5,94.8,17.6,99.9,14.7,29.69,600.0,2.9,08:31:08
91.2,16.6,94.8,17.7,99.9,14.7,30.18,600.0,2.9,08:31:17
91.5,16.6,94.8,17.8,99.9,14.7,29.69,600.0,2.9,08:31:23
91.2,16.6,94.8,17.8,99.9,14.7,29.69,600.0,2.9,08:31:35
91.2,16.6,94.8,17.8,99.9,14.7,30.18,600.0,2.9,08:31:42
91.2,16.6,94.7,17.9,99.9,14.7,29.21,600.0,2.9,08:31:51
91.3,16.6,94.6,17.9,99.9,14.8,29.21,600.0,2.9,08:31:57
91.2,16.5,94.6,17.9,99.9,14.8,29.69,600.0,2.9,08:32:04
91.2,16.7,94.6,17.9,99.9,14.8,30.67,600.0,2.9,08:32:11
91.3,16.6,94.6,17.9,99.9,14.8,29.69,600.0,2.9,08:32:17
91.4,16.6,94.6,17.9,99.9,14.8,30.18,600.0,2.9,08:32:26
91.3,16.6,94.6,17.9,99.9,14.9,29.69,600.0,2.9,08:32:33
91.1,3.8,94.6,17.9,99.9,14.9,29.69,600.0,2.9,08:32:42
91.2,11.5,94.7,18.0,99.9,14.9,30.18,600.0,2.9,08:32:51
91.6,11.5,94.7,18.0,99.9,14.9,28.72,600.0,2.9,08:33:00
91.4,16.7,94.6,18.0,99.9,14.9,29.21,600.0,2.9,08:33:07
91.2,16.9,94.6,18.0,99.9,15.0,30.67,600.0,2.9,08:33:24
91.2,16.9,94.6,18.1,99.9,15.0,29.69,600.0,2.9,08:33:35
91.2,16.9,94.6,18.1,99.9,15.0,29.69,600.0,2.9,08:33:42
91.2,16.9,94.5,18.1,99.9,15.0,30.67,600.0,2.9,08:33:51
91.1,17.0,94.4,18.1,99.9,15.0,29.69,600.0,2.9,08:34:00
91.1,17.0,94.4,18.1,99.9,15.0,30.67,600.0,2.9,08:34:09
91.1,17.0,94.4,18.1,99.9,15.0,30.67,600.0,2.9,08:34:16
91.1,17.0,94.4,18.1,99.9,15.1,29.69,600.0,2.9,08:34:22
91.1,17.0,94.3,18.1,99.9,15.0,29.21,600.0,2.9,08:34:29
91.1,17.0,94.3,18.1,99.9,15.1,29.69,600.0,2.9,08:34:35
91.1,17.0,94.2,18.1,99.9,15.1,29.69,600.0,2.9,08:34:42
91.1,17.0,94.2,18.1,99.9,15.1,30.18,600.0,2.9,08:34:49
91.1,17.0,94.1,18.1,99.9,15.2,30.67,600.0,2.9,08:34:58
91.1,17.0,94.1,18.1,99.9,15.2,29.21,600.0,2.9,08:35:07
91.2,17.0,94.1,18.1,99.9,15.2,28.72,600.0,2.9,08:35:13
91.1,17.0,94.1,18.1,99.9,15.2,30.67,600.0,2.9,08:35:25
91.1,17.0,94.1,18.2,99.9,15.2,29.69,600.0,2.9,08:35:32
91.1,17.2,94.1,18.2,99.9,15.2,28.72,600.0,2.9,08:35:38
91.0,17.2,94.1,18.3,99.9,15.2,29.21,600.0,2.9,08:35:45
91.0,17.1,94.1,18.3,99.9,15.3,30.18,600.0,2.9,08:35:51
91.0,17.2,94.2,18.3,99.9,15.3,29.69,600.0,2.9,08:35:58
91.0,17.2,94.2,18.4,99.9,15.3,30.18,600.0,2.9,08:36:05
91.0,17.2,94.2,18.4,99.9,15.3,29.21,600.0,2.9,08:36:11
90.9,17.2,94.1,18.4,99.9,15.3,29.69,600.0,2.9,08:36:18
90.9,17.2,94.1,18.4,99.9,15.3,29.69,600.0,2.9,08:36:24
90.9,17.2,94.0,18.4,99.9,15.4,29.69,600.0,2.9,08:36:31
90.8,17.3,93.8,18.4,99.9,15.4,29.69,600.0,2.9,08:36:40
90.8,17.3,93.7,18.4,99.9,15.4,29.21,600.0,2.9,08:36:47
90.8,17.3,93.7,18.5,99.9,15.4,30.18,600.0,2.9,08:36:53
90.8,17.3,93.7,18.5,99.9,15.4,30.67,600.0,2.9,08:37:00
90.8,17.3,93.7,18.5,99.9,15.4,30.67,600.0,2.9,08:37:06
90.8,17.4,93.7,18.5,99.9,15.4,29.21,600.0,2.9,08:37:13
90.8,17.4,93.7,18.5,99.9,15.4,30.18,600.0,2.9,08:37:20
90.8,17.4,93.7,18.5,99.9,15.5,29.69,600.0,2.9,08:37:26
90.8,17.4,93.7,18.6,99.9,15.5,29.21,600.0,2.9,08:37:33
90.8,17.4,93.6,18.6,99.9,15.5,30.18,600.0,2.9,08:37:39
90.8,17.4,93.6,18.6,99.9,15.5,29.69,600.0,2.9,08:37:46
90.7,17.4,93.5,18.7,99.9,15.5,30.67,600.0,2.9,08:37:53
90.8,17.5,93.4,18.7,99.9,15.5,29.69,600.0,2.9,08:37:59
89.9,-8.1,93.3,18.7,99.9,15.5,30.18,600.0,2.9,08:38:06
91.6,0.4,93.2,18.8,99.9,15.6,30.18,600.0,2.9,08:38:15
90.8,6.8,93.2,18.8,99.9,15.6,29.69,600.0,2.9,08:38:24
90.9,-2.5,93.2,18.9,99.9,15.6,29.69,600.0,2.9,08:38:31
50.0,24.0,93.1,18.9,99.9,15.6,29.21,600.0,2.9,08:38:37
89.5,-9.9,93.0,18.9,99.9,15.6,29.21,600.0,2.9,08:38:49
90.9,-39.3,93.0,19.0,99.9,15.6,30.18,600.0,2.9,08:38:55
89.8,4.5,92.9,19.0,99.9,15.6,30.18,600.0,2.9,08:39:02
91.6,-42.7,92.9,19.0,99.9,15.6,29.21,600.0,2.9,08:39:09
92.7,-50.0,92.4,19.1,99.9,15.6,30.18,600.0,2.9,08:39:25
90.3,17.9,92.1,19.2,99.9,15.7,28.72,600.0,2.9,08:39:37
90.3,17.8,91.8,19.2,99.9,15.8,29.69,600.0,2.9,08:40:06
90.4,17.8,91.8,19.3,99.9,15.8,30.18,600.0,2.9,08:40:13
90.4,17.8,91.9,19.3,99.9,15.8,29.69,600.0,2.9,08:40:19
90.5,17.8,92.0,19.3,99.9,15.8,30.67,600.0,2.9,08:40:26
90.4,17.8,91.9,19.3,99.9,15.8,29.21,600.0,2.9,08:40:33
90.4,17.8,91.8,19.4,99.9,15.8,30.18,600.0,2.9,08:40:39
90.4,17.8,91.4,19.4,99.9,15.8,29.69,600.0,2.9,08:40:46
90.4,17.8,91.0,19.4,99.9,15.8,29.69,600.0,2.9,08:40:55
90.4,17.8,90.6,19.4,99.9,15.9,30.18,600.0,2.9,08:41:01
90.4,17.8,90.5,19.4,99.9,15.9,30.67,600.0,2.9,08:41:11
90.4,17.8,90.4,19.4,99.9,15.9,29.21,600.0,2.9,08:41:17
90.4,17.9,90.2,19.4,99.9,16.0,29.21,600.0,2.9,08:41:24
90.4,17.9,90.0,19.4,99.9,15.9,30.18,600.0,2.9,08:41:30
90.4,17.9,89.8,19.4,99.9,16.0,31.15,600.0,2.9,08:41:37
90.4,17.9,89.6,19.4,99.9,15.9,30.18,600.0,2.9,08:41:44
90.4,18.0,89.4,19.4,99.9,16.0,29.21,600.0,2.9,08:41:50
90.4,18.0,89.1,19.4,99.9,16.0,30.18,600.0,2.9,08:41:59
90.4,18.0,89.0,19.5,99.9,16.0,29.69,600.0,2.9,08:42:06
90.4,18.0,88.7,19.5,99.9,16.0,30.18,600.0,2.9,08:42:12
90.3,18.0,88.4,19.5,99.9,16.0,29.69,600.0,2.9,08:42:19
90.3,18.0,88.2,19.5,99.9,16.0,29.21,600.0,2.9,08:42:28
90.3,18.0,87.9,19.5,99.9,16.0,29.21,600.0,2.9,08:42:35
90.4,18.0,87.5,19.5,99.9,16.1,29.69,600.0,2.9,08:42:41
90.4,18.0,87.2,19.5,99.9,16.1,29.69,600.0,2.9,08:42:50
90.4,18.0,87.2,19.5,99.9,16.1,29.69,600.0,2.9,08:42:57
90.3,18.0,87.2,19.5,99.9,16.1,30.67,600.0,2.9,08:43:04
90.4,18.1,87.0,19.5,99.9,16.1,30.18,600.0,2.9,08:43:15
90.3,18.1,86.1,19.5,99.9,16.2,30.18,600.0,2.9,08:43:22
90.3,18.1,85.6,19.5,99.9,16.1,30.18,600.0,2.9,08:43:31
90.4,18.1,85.1,19.5,99.9,16.2,29.69,600.0,2.9,08:43:37
90.3,18.1,85.0,19.6,99.9,16.2,30.18,600.0,2.9,08:43:44
90.3,18.1,84.6,19.6,99.9,16.2,29.21,600.0,2.9,08:43:51
90.3,18.1,83.7,19.6,99.9,16.2,29.69,600.0,2.9,08:43:57
90.3,18.1,83.6,19.6,99.9,16.2,30.18,600.0,2.9,08:44:04
90.3,18.1,84.0,19.7,99.9,16.2,29.21,600.0,2.9,08:44:10
90.3,18.2,84.4,19.7,99.9,16.2,30.18,600.0,2.9,08:44:17
90.4,18.2,84.8,19.7,99.9,16.3,30.18,600.0,2.9,08:44:24
90.3,18.2,85.2,19.7,99.9,16.3,30.18,600.0,2.9,08:44:30
90.3,18.2,85.5,19.7,99.9,16.4,29.21,600.0,2.9,08:44:37
90.3,18.2,85.3,19.7,99.9,16.4,29.69,600.0,2.9,08:44:43
90.4,18.2,85.4,19.7,99.9,16.4,29.69,600.0,2.9,08:44:50
90.4,18.2,85.6,19.8,99.9,16.4,29.69,600.0,2.9,08:44:57
90.4,18.3,85.7,19.9,99.9,16.4,31.15,600.0,2.9,08:45:03
90.4,18.3,85.6,19.9,99.9,16.4,30.18,600.0,2.9,08:45:10
90.4,18.3,85.5,19.9,99.9,16.4,29.69,600.0,2.9,08:45:16
90.4,18.3,85.2,19.9,99.9,16.4,31.15,600.0,2.9,08:45:25
90.5,18.3,84.3,20.0,99.9,16.4,29.21,600.0,2.9,08:45:32
90.5,18.3,83.0,20.0,99.9,16.4,30.18,600.0,2.9,08:45:39
90.5,18.3,82.9,20.0,99.9,16.4,30.18,600.0,2.9,08:45:45
90.6,18.4,82.9,20.0,99.9,16.4,29.21,600.0,2.9,08:45:52
90.6,18.4,83.2,20.0,99.9,16.5,29.21,600.0,2.9,08:45:58
90.7,18.4,83.1,20.0,99.9,16.5,30.18,600.0,2.9,08:46:05
90.7,18.4,82.9,20.0,99.9,16.5,30.67,600.0,2.9,08:46:14
90.7,18.4,79.2,20.0,99.9,16.5,29.21,600.0,2.9,08:46:21
90.8,18.5,78.6,20.0,99.9,16.5,30.18,600.0,2.9,08:46:30
90.7,18.5,77.8,20.0,99.9,16.5,30.18,700.0,2.9,08:46:36
50.0,24.0,78.9,20.1,99.9,16.5,29.21,600.0,2.9,08:46:43
90.5,18.6,79.9,20.1,99.9,16.6,30.67,600.0,2.9,08:46:52
90.8,18.5,80.0,20.1,99.9,16.6,29.21,600.0,2.9,08:46:59
90.8,18.6,79.4,20.1,99.9,16.6,30.18,600.0,2.9,08:47:05
90.8,18.6,78.8,20.1,99.9,16.6,30.18,600.0,2.9,08:47:14
90.8,18.6,78.8,20.1,99.9,16.6,30.18,600.0,2.9,08:47:23
90.8,18.6,78.7,20.1,99.9,16.6,30.18,600.0,2.9,08:47:30
90.9,18.6,75.7,20.1,99.9,16.7,30.18,600.0,2.9,08:47:37
90.9,18.7,76.0,20.1,99.9,16.7,29.21,600.0,2.9,08:47:46
90.8,18.7,77.2,20.1,99.9,16.7,29.69,600.0,2.9,08:47:52
90.8,18.7,77.6,20.1,99.9,16.7,29.21,600.0,2.9,08:47:59
90.8,18.7,77.9,20.1,99.9,16.7,29.69,600.0,2.9,08:48:05
90.8,18.8,78.4,20.1,99.9,16.7,29.69,600.0,2.9,08:48:15
90.8,18.8,79.0,20.1,99.9,16.8,30.18,600.0,2.9,08:48:21
90.9,18.8,78.7,20.1,99.9,16.8,30.18,600.0,2.9,08:48:28
90.8,18.8,78.1,20.1,99.9,16.8,30.18,600.0,2.9,08:48:34
90.8,18.8,77.1,20.1,99.9,16.8,29.21,600.0,2.9,08:48:41
90.8,18.8,77.6,20.1,99.9,16.8,30.67,600.0,2.9,08:48:48
90.8,18.8,77.9,20.1,99.9,16.8,30.67,600.0,2.9,08:48:54
90.8,18.9,77.7,20.1,99.9,16.8,29.69,600.0,2.9,08:49:01
90.9,18.9,78.8,20.2,99.9,16.8,29.21,600.0,2.9,08:49:07
90.8,18.9,80.3,20.2,99.9,16.9,29.21,600.0,2.9,08:49:14
90.8,18.9,80.6,20.2,99.9,16.9,30.67,600.0,2.9,08:49:23
90.8,19.0,80.3,20.3,99.9,16.9,29.69,600.0,2.9,08:49:32
90.8,19.0,79.6,20.3,99.9,16.9,29.21,600.0,2.9,08:49:39
90.8,19.0,79.7,20.3,99.9,16.9,30.18,600.0,2.9,08:49:45
90.8,19.0,80.0,20.3,99.9,16.9,30.18,600.0,2.9,08:49:52
90.8,19.0,80.3,20.5,99.9,17.0,29.21,600.0,2.9,08:50:04
90.9,19.0,80.2,20.5,99.9,17.0,30.18,600.0,2.9,08:50:13
90.9,19.1,80.0,20.5,99.9,17.0,30.18,600.0,2.9,08:50:22
90.9,19.1,80.0,20.5,99.9,17.0,29.69,600.0,2.9,08:50:31
90.9,19.1,78.5,20.5,99.9,17.0,29.21,600.0,2.9,08:50:37
90.9,19.2,79.1,20.5,99.9,17.0,29.69,600.0,2.9,08:50:44
90.6,19.4,79.4,20.6,99.9,17.0,31.15,600.0,2.9,08:50:51
90.8,19.2,79.3,20.6,99.9,17.0,30.67,600.0,2.9,08:51:07
91.0,19.2,79.2,20.6,99.9,17.1,29.21,600.0,2.9,08:51:14
91.0,19.3,79.0,20.6,99.9,17.1,29.69,600.0,2.9,08:51:20
91.0,19.3,78.7,20.7,99.9,17.1,30.18,600.0,2.9,08:51:30
91.1,19.3,78.4,20.7,99.9,17.2,30.67,600.0,2.9,08:51:36
91.0,19.4,77.3,20.7,99.9,17.2,31.15,600.0,2.9,08:51:45
91.1,19.4,77.9,20.7,99.9,17.2,30.67,600.0,2.9,08:51:52
91.1,19.4,78.1,20.8,99.9,17.2,30.18,600.0,2.9,08:51:58
91.1,19.4,77.6,20.8,99.9,17.2,29.21,600.0,2.9,08:52:05
91.2,19.4,77.3,20.8,99.9,17.2,30.18,600.0,2.9,08:52:12
91.2,19.5,77.6,20.8,99.9,17.2,30.18,600.0,2.9,08:52:18
91.2,19.5,75.9,20.8,99.9,17.2,30.67,600.0,2.9,08:52:25
91.2,19.5,75.9,20.8,99.9,17.2,30.67,1800.0,2.9,08:52:31
91.2,19.5,74.9,20.8,99.9,17.2,30.67,600.0,2.9,08:52:38
91.3,19.5,72.9,20.8,99.9,17.2,29.69,600.0,2.9,08:52:45
91.3,19.5,72.6,20.8,99.9,17.3,30.67,600.0,2.9,08:52:51
91.4,19.5,74.1,20.8,99.9,17.3,30.18,600.0,2.9,08:52:58
91.3,19.6,74.7,20.8,99.9,17.3,29.21,600.0,2.9,08:53:04
91.4,19.6,74.8,20.8,99.9,17.4,30.18,600.0,2.9,08:53:11
91.4,19.7,75.2,20.9,99.9,17.4,29.69,600.0,2.9,08:53:18
91.4,19.7,75.5,20.9,99.9,17.4,29.21,600.0,2.9,08:53:24
91.4,19.7,75.5,20.9,99.9,17.4,30.67,600.0,2.9,08:53:31
91.5,19.7,75.4,20.9,99.9,17.4,29.69,600.0,2.9,08:53:37
91.4,19.7,74.6,20.9,99.9,17.4,30.67,600.0,2.9,08:53:44
91.4,19.7,74.8,20.9,99.9,17.4,29.69,600.0,2.9,08:53:50
91.4,19.8,75.9,20.9,99.9,17.4,30.67,600.0,2.9,08:53:57
91.4,19.8,76.4,21.0,99.9,17.5,30.67,600.0,2.9,08:54:04
91.4,19.8,72.5,20.9,99.9,17.5,30.18,600.0,2.9,08:54:10
91.4,19.8,71.7,20.9,99.9,17.5,30.18,600.0,2.9,08:54:17
91.4,19.9,73.1,21.0,99.9,17.5,30.18,600.0,2.9,08:54:23
91.3,19.9,73.9,21.0,99.9,17.5,30.18,600.0,2.9,08:54:30
91.2,19.9,74.8,21.0,99.9,17.5,30.18,600.0,2.9,08:54:37
91.2,19.9,73.9,21.0,99.9,17.5,30.18,600.0,2.9,08:54:43
91.2,20.0,71.0,21.0,99.9,17.5,29.21,600.0,2.9,08:54:50
91.2,20.0,69.3,21.0,99.9,17.5,29.69,600.0,2.9,08:54:56
91.1,20.0,70.3,21.0,99.9,17.5,29.21,600.0,2.9,08:55:03
91.0,20.0,71.6,20.9,99.9,17.5,30.18,600.0,2.9,08:55:09
91.0,20.0,71.2,20.9,99.9,17.5,30.67,600.0,2.9,08:55:19
90.9,20.0,71.1,20.9,99.9,17.6,29.69,600.0,2.9,08:55:25
90.9,20.0,71.3,20.9,99.9,17.6,30.67,600.0,2.9,08:55:32
90.8,20.0,71.9,20.9,99.9,17.6,30.67,600.0,2.9,08:55:38
90.8,20.0,72.0,20.9,99.9,17.6,30.67,600.0,2.9,08:55:45
90.6,20.1,70.9,20.8,99.9,17.6,29.69,600.0,2.9,08:55:54
90.5,20.1,69.8,20.8,99.9,17.7,30.18,600.0,2.9,08:56:01
90.4,20.1,70.5,20.8,99.9,17.7,30.67,600.0,2.9,08:56:07
90.3,20.1,72.1,20.8,99.9,17.7,30.18,600.0,2.9,08:56:14
90.3,20.1,73.3,20.8,99.9,17.7,30.67,600.0,2.9,08:56:20
90.2,20.1,72.8,20.8,99.9,17.8,30.18,600.0,2.9,08:56:27
90.1,20.1,72.9,20.8,99.9,17.8,31.15,600.0,2.9,08:56:36
90.1,20.1,73.7,20.8,99.9,17.8,30.67,600.0,2.9,08:56:43
90.0,20.1,73.6,20.8,99.9,17.8,29.69,600.0,2.9,08:56:49
89.9,20.2,71.9,20.8,99.9,17.8,30.18,600.0,2.9,08:56:56
89.8,20.2,72.1,20.8,99.9,17.8,30.18,600.0,2.9,08:57:05
89.8,20.2,71.1,20.8,99.9,17.8,30.18,600.0,2.9,08:57:14
89.7,20.2,71.0,20.8,99.9,17.8,30.67,600.0,2.9,08:57:23
89.6,20.2,72.8,20.8,99.9,17.8,29.69,600.0,2.9,08:57:32
89.5,20.3,71.6,20.8,99.9,17.8,30.18,600.0,2.9,08:57:41
89.5,20.2,71.1,20.8,99.9,17.9,30.18,600.0,2.9,08:57:48
89.5,20.3,72.3,20.8,99.9,18.0,31.15,600.0,2.9,08:57:55
89.4,20.3,72.0,20.8,99.9,18.0,30.67,600.0,2.9,08:58:04
89.4,20.3,69.3,20.8,99.9,18.0,29.69,600.0,2.9,08:58:10
89.3,20.3,69.6,20.8,99.9,18.0,29.69,600.0,2.9,08:58:17
89.2,20.3,71.7,20.8,99.9,18.0,30.18,600.0,2.9,08:58:31
89.2,20.3,73.1,20.8,99.9,18.0,31.64,600.0,2.9,08:58:40
89.2,20.3,71.5,20.8,99.9,18.0,30.18,600.0,2.9,08:58:47
89.2,20.3,71.6,20.8,99.9,18.0,30.67,600.0,2.9,08:58:58
89.2,20.3,71.4,20.9,99.9,18.0,31.15,600.0,2.9,08:59:05
89.2,20.3,69.9,20.9,99.9,18.0,29.69,600.0,2.9,08:59:12
89.1,20.3,69.5,20.9,99.9,18.1,31.15,600.0,2.9,08:59:21
89.0,20.3,69.8,20.9,99.9,18.1,31.15,600.0,2.9,08:59:35
89.0,20.3,70.2,20.9,99.9,18.1,30.18,600.0,2.9,08:59:52
89.0,20.3,71.3,20.9,99.9,18.1,29.21,600.0,2.9,08:59:58
89.1,20.3,71.3,20.9,99.9,18.2,29.69,600.0,2.9,09:00:07
89.0,20.3,71.2,20.9,99.9,18.2,29.69,600.0,2.9,09:00:14
89.0,20.3,71.2,20.9,99.9,18.2,29.69,600.0,2.9,09:00:20
89.0,20.3,71.1,20.9,99.9,18.2,31.15,600.0,2.9,09:00:27
89.1,20.3,72.1,20.9,99.9,18.2,31.15,600.0,2.9,09:00:34
89.0,20.4,72.0,21.0,99.9,18.2,30.18,600.0,2.9,09:00:40
50.0,24.0,71.5,21.0,99.9,18.2,30.18,600.0,2.9,09:00:47
88.7,20.5,70.3,21.0,99.9,18.2,31.64,600.0,2.9,09:00:56
89.0,20.4,70.7,21.0,99.9,18.2,30.67,600.0,2.9,09:01:03
89.0,20.4,71.4,21.0,99.9,18.3,31.15,600.0,2.9,09:01:09
89.0,20.4,71.0,21.0,99.9,18.3,31.15,600.0,2.9,09:01:16
89.0,20.5,69.9,21.1,99.9,18.3,30.18,600.0,2.9,09:01:27
89.0,20.5,68.9,21.1,99.9,18.3,29.69,600.0,2.9,09:01:36
89.0,20.4,67.5,21.1,99.9,18.3,30.18,600.0,2.9,09:01:43
89.0,20.5,67.0,21.1,99.9,18.4,30.18,600.0,2.9,09:01:50
89.0,20.5,67.2,21.1,99.9,18.4,30.67,600.0,2.9,09:01:59
89.0,20.5,68.0,21.1,99.9,18.4,29.69,600.0,2.9,09:02:08
89.0,20.5,69.8,21.1,99.9,18.4,30.18,600.0,2.9,09:02:17
89.0,20.5,72.7,21.3,99.9,18.4,30.67,600.0,2.9,09:02:26
89.1,20.5,72.5,21.3,99.9,18.4,30.18,600.0,2.9,09:02:38
89.0,20.5,71.1,21.3,99.9,18.5,31.15,600.0,2.9,09:02:44
89.1,20.5,70.6,21.4,99.9,18.5,30.67,600.0,2.9,09:02:53
89.1,20.5,69.7,21.4,99.9,18.5,30.18,600.0,2.9,09:03:03
89.1,20.5,70.2,21.5,99.9,18.5,30.67,600.0,2.9,09:03:12
89.1,20.5,71.7,21.5,99.9,18.5,30.67,600.0,2.9,09:03:21
89.2,20.5,70.8,21.5,99.9,18.5,30.67,600.0,2.9,09:03:27
89.1,20.5,67.5,21.7,99.9,18.6,30.18,600.0,2.9,09:03:34
89.1,20.5,66.7,21.7,99.9,18.6,30.67,600.0,2.9,09:03:46
89.2,20.6,66.7,21.7,99.9,18.6,29.69,600.0,2.9,09:03:55
89.1,20.5,67.2,21.7,99.9,18.6,30.67,600.0,2.9,09:04:01
89.2,20.6,68.2,21.7,99.9,18.6,31.15,600.0,2.9,09:04:10
89.2,20.6,70.5,21.8,99.9,18.6,31.15,600.0,2.9,09:04:20
89.2,20.6,69.9,21.9,99.9,18.7,30.67,600.0,2.9,09:04:34
89.2,20.6,68.0,21.9,99.9,18.7,30.67,600.0,2.9,09:04:40
89.2,20.6,68.4,21.9,99.9,18.7,30.67,600.0,2.9,09:04:47
89.2,20.6,69.0,21.9,99.9,18.7,30.18,600.0,2.9,09:04:56
89.2,20.6,66.6,22.0,99.9,18.7,30.18,600.0,2.9,09:05:03
89.2,20.7,65.8,22.0,99.9,18.7,29.69,600.0,2.9,09:05:09
89.2,20.7,65.4,22.0,99.9,18.7,30.18,600.0,2.9,09:05:16
89.2,20.7,66.3,22.0,99.9,18.8,30.18,600.0,2.9,09:05:22
89.2,20.7,66.1,22.1,99.9,18.8,29.69,600.0,2.9,09:05:34
89.3,20.7,65.3,22.1,99.9,18.8,30.67,600.0,2.9,09:05:41
89.4,20.7,66.9,22.1,99.9,18.8,30.18,600.0,2.9,09:05:47
89.4,20.7,67.9,22.1,99.9,18.8,30.67,600.0,2.9,09:05:59
89.4,20.8,67.1,22.2,99.9,18.8,30.18,600.0,2.9,09:06:05
89.4,20.8,65.6,22.2,99.9,18.9,30.67,600.0,2.9,09:06:12
89.4,20.8,65.6,22.2,99.9,18.9,29.69,600.0,2.9,09:06:29
89.4,20.8,64.8,22.2,99.9,18.9,30.67,600.0,2.9,09:06:35
89.4,20.8,65.7,22.3,99.9,18.9,29.69,600.0,2.9,09:06:42
89.4,20.8,66.1,22.3,99.9,18.9,29.69,600.0,2.9,09:06:48
89.4,20.8,67.2,22.3,99.9,18.9,30.67,600.0,2.9,09:07:00
89.5,20.9,66.5,22.4,99.9,18.9,30.67,600.0,2.9,09:07:07
89.5,20.9,65.1,22.5,99.9,18.9,31.15,600.0,2.9,09:07:13
89.6,20.9,64.5,22.5,99.9,19.0,30.18,600.0,2.9,09:07:27
89.5,20.9,63.4,22.5,99.9,19.0,31.15,600.0,2.9,09:07:34
89.6,20.9,64.3,22.5,99.9,19.0,30.18,600.0,2.9,09:07:41
89.7,21.0,64.6,22.5,99.9,19.0,30.67,600.0,2.9,09:07:47
89.7,21.0,63.5,22.5,99.9,19.0,30.67,600.0,2.9,09:07:54
89.7,21.0,63.6,22.5,99.9,19.0,30.67,600.0,2.9,09:08:00
89.7,21.0,63.4,22.5,99.9,19.1,31.15,600.0,2.9,09:08:07
89.7,21.0,62.6,22.5,99.9,19.1,30.18,600.0,2.9,09:08:14
89.7,21.0,62.1,22.5,99.9,19.1,30.67,600.0,2.9,09:08:20
89.7,21.0,62.5,22.5,99.9,19.1,30.18,600.0,2.9,09:08:27
89.7,21.1,64.6,22.5,99.9,19.1,30.18,600.0,2.9,09:08:33
89.7,21.1,66.9,22.5,99.9,19.1,29.69,600.0,2.9,09:08:40
89.7,21.1,65.5,22.5,99.9,19.1,30.67,600.0,2.9,09:08:49
89.7,21.1,63.1,22.5,99.9,19.2,30.18,600.0,2.9,09:08:56
89.7,21.1,63.9,22.5,99.9,19.2,30.18,600.0,2.9,09:09:02
89.7,21.1,63.9,22.5,99.9,19.1,30.18,600.0,2.9,09:09:14
89.7,21.1,64.3,22.4,99.9,19.2,30.67,600.0,2.9,09:09:20
89.7,21.1,65.0,22.4,99.9,19.2,30.67,600.0,2.9,09:09:27
89.7,21.1,63.9,22.5,99.9,19.2,30.18,600.0,2.9,09:09:34
89.7,21.2,63.2,22.4,99.9,19.2,30.18,600.0,2.9,09:09:40
89.7,21.1,63.1,22.4,99.9,19.2,30.67,600.0,2.9,09:09:47
89.6,21.2,62.5,22.3,99.9,19.2,30.18,600.0,2.9,09:09:53
89.6,21.2,62.9,22.3,99.9,19.3,30.67,600.0,2.9,09:10:00
89.6,21.2,63.6,22.3,99.9,19.2,29.69,600.0,2.9,09:10:07
89.6,21.2,63.5,22.3,99.9,19.3,30.67,600.0,2.9,09:10:13
89.5,21.3,62.2,22.3,99.9,19.3,30.18,600.0,2.9,09:10:20
89.5,21.3,62.0,22.3,99.9,19.3,31.15,600.0,2.9,09:10:26
89.4,21.3,62.0,22.3,99.9,19.3,30.18,600.0,2.9,09:10:33
89.4,21.3,61.8,22.3,99.9,19.3,30.67,600.0,2.9,09:10:39
89.4,21.3,61.6,22.4,99.9,19.3,30.67,600.0,2.9,09:10:46
89.4,21.3,61.0,22.3,99.9,19.3,30.67,600.0,2.9,09:10:53
89.3,21.3,60.6,22.3,99.9,19.3,30.67,600.0,2.9,09:10:59
89.2,21.4,61.9,22.3,99.9,19.3,31.15,600.0,2.9,09:11:08
89.3,21.4,64.0,22.3,99.9,19.3,30.67,600.0,2.9,09:11:15
89.2,21.4,65.5,22.3,99.9,19.4,31.15,600.0,2.9,09:11:22
89.2,21.4,66.5,22.4,99.9,19.4,29.69,600.0,2.9,09:11:28
89.2,21.4,65.1,22.4,99.9,19.4,30.18,600.0,2.9,09:11:35
89.1,21.4,63.1,22.5,99.9,19.4,31.15,600.0,2.9,09:11:41
89.1,21.4,63.9,22.5,99.9,19.4,30.67,600.0,2.9,09:11:48
89.1,21.4,64.1,22.5,99.9,19.4,31.64,600.0,2.9,09:11:54
89.1,21.4,64.4,22.5,99.9,19.5,30.67,600.0,2.9,09:12:01
89.1,21.4,64.9,22.5,99.9,19.5,31.15,600.0,2.9,09:12:10
89.0,21.4,66.6,22.5,99.9,19.5,30.18,600.0,2.9,09:12:17
89.0,21.5,66.2,22.5,99.9,19.5,30.67,600.0,2.9,09:12:23
89.0,21.5,64.4,22.6,99.9,19.5,30.18,600.0,2.9,09:12:30
89.0,21.5,62.9,22.6,99.9,19.5,31.15,600.0,2.9,09:12:37
89.0,21.5,63.3,22.6,99.9,19.5,31.15,600.0,2.9,09:12:43
89.0,21.5,63.5,22.6,99.9,19.5,31.64,600.0,2.9,09:12:50
89.0,21.5,64.2,22.6,99.9,19.5,30.67,600.0,2.9,09:12:56
88.9,21.5,65.9,22.7,99.9,19.5,30.67,600.0,2.9,09:13:03
88.9,21.5,66.8,22.7,99.9,19.5,31.15,600.0,2.9,09:13:09
88.9,21.5,66.0,22.7,99.9,19.5,30.67,600.0,2.9,09:13:16
88.9,21.5,65.3,22.8,99.9,19.5,31.15,600.0,2.9,09:13:23
88.9,21.5,64.2,22.8,99.9,19.5,30.18,700.0,2.9,09:13:29
88.9,21.5,63.3,22.8,99.9,19.6,30.67,600.0,2.9,09:13:36
88.9,21.5,62.3,22.8,99.9,19.6,31.15,600.0,2.9,09:13:45
88.8,21.5,62.2,22.9,99.9,19.6,31.15,600.0,2.9,09:13:52
88.9,21.5,62.3,22.9,99.9,19.6,31.15,600.0,2.9,09:13:58
88.8,21.5,61.9,22.9,99.9,19.6,31.15,600.0,2.9,09:14:05
88.8,21.5,61.1,22.9,99.9,19.6,30.67,600.0,2.9,09:14:14
88.7,21.5,63.3,23.0,99.9,19.7,31.15,600.0,2.9,09:14:20
88.7,21.5,63.5,23.0,99.9,19.7,31.15,600.0,2.9,09:14:27
88.8,21.5,62.2,23.0,99.9,19.7,30.18,600.0,2.9,09:14:34
88.7,21.5,61.7,23.0,99.9,19.7,31.15,600.0,2.9,09:14:40
88.7,21.5,60.7,23.0,99.9,19.7,30.18,600.0,2.9,09:14:47
88.7,21.6,59.9,23.0,99.9,19.7,30.67,600.0,2.9,09:14:56
88.7,21.6,62.7,23.1,99.9,19.7,30.67,600.0,2.9,09:15:05
88.7,21.6,63.8,23.1,99.9,19.7,30.18,600.0,2.9,09:15:14
88.6,21.6,62.6,23.1,99.9,19.7,31.64,600.0,2.9,09:15:23
88.7,21.6,62.2,23.1,99.9,19.7,30.67,600.0,2.9,09:15:32
88.6,21.6,60.2,23.1,99.9,19.7,31.15,600.0,2.9,09:15:39
88.6,21.6,61.6,23.1,99.9,19.8,30.67,600.0,2.9,09:15:45
88.6,21.7,62.6,23.1,99.9,19.8,30.67,600.0,2.9,09:15:52
88.6,21.7,62.7,23.1,99.9,19.8,30.67,600.0,2.9,09:15:59
88.6,21.6,61.0,23.1,99.9,19.8,30.67,600.0,2.9,09:16:05
88.6,21.7,61.4,23.1,99.9,19.9,30.67,600.0,2.9,09:16:12
88.6,21.7,62.1,23.1,99.9,19.9,31.15,600.0,2.9,09:16:18
88.6,21.7,62.3,23.1,99.9,19.9,30.67,600.0,2.9,09:16:25
88.6,21.7,60.9,23.1,99.9,19.9,31.64,600.0,2.9,09:16:32
88.6,21.7,59.9,23.1,99.9,19.9,31.15,600.0,2.9,09:16:38
88.6,21.7,60.0,23.1,99.9,19.9,31.15,600.0,2.9,09:16:45
88.6,21.7,60.0,23.0,99.9,19.9,31.64,600.0,2.9,09:16:51
88.6,21.7,60.5,23.0,99.9,19.9,30.67,600.0,2.9,09:16:58
88.6,21.7,62.5,22.9,99.9,19.9,31.64,600.0,2.9,09:17:05
88.6,21.7,61.6,23.0,99.9,19.9,31.15,600.0,2.9,09:17:11
88.6,21.7,62.0,22.9,99.9,20.0,30.67,600.0,2.9,09:17:18
88.6,21.7,60.9,22.9,99.9,20.0,31.15,600.0,2.9,09:17:24
88.6,21.7,61.0,22.9,99.9,20.0,30.67,600.0,2.9,09:17:31
88.5,21.7,60.7,22.9,99.9,20.0,31.15,600.0,2.9,09:17:37
88.6,21.7,60.6,22.9,99.9,20.0,31.64,600.0,2.9,09:17:44
88.5,21.7,59.5,22.9,99.9,20.0,30.67,600.0,2.9,09:17:51
88.5,21.7,58.3,23.0,99.9,20.0,30.67,600.0,2.9,09:17:57
88.5,21.7,59.1,22.9,99.9,20.0,30.18,600.0,2.9,09:18:04
88.5,21.7,59.9,22.9,99.9,20.0,30.67,600.0,2.9,09:18:10
88.5,21.7,60.9,22.9,99.9,20.0,31.15,600.0,2.9,09:18:17
88.5,21.7,60.4,22.9,99.9,20.0,31.15,600.0,2.9,09:18:24
88.6,21.7,60.3,22.9,99.9,20.0,30.67,600.0,2.9,09:18:43
88.6,21.7,60.3,22.9,99.9,20.1,30.67,600.0,2.9,09:18:54
88.6,21.8,59.6,22.9,99.9,20.1,31.15,600.0,2.9,09:19:04
88.6,21.8,59.1,22.9,99.9,20.1,31.15,600.0,2.9,09:19:13
88.6,21.8,60.4,22.9,99.9,20.1,31.15,600.0,2.9,09:19:19
88.6,21.8,61.3,22.9,99.9,20.1,30.67,600.0,2.9,09:19:26
88.6,21.9,60.4,22.9,99.9,20.1,30.67,600.0,2.9,09:19:35
88.6,21.9,58.6,22.9,99.9,20.1,30.67,600.0,2.9,09:19:42
88.6,21.9,59.7,22.9,99.9,20.1,31.64,600.0,2.9,09:19:51
88.6,21.9,61.7,22.9,99.9,20.2,30.18,600.0,2.9,09:19:57
88.6,21.9,62.0,22.9,99.9,20.2,30.18,600.0,2.9,09:20:04
88.7,21.9,60.7,22.9,99.9,20.2,31.15,600.0,2.9,09:20:10
88.7,21.9,60.3,23.0,99.9,20.2,31.15,600.0,2.9,09:20:17
88.7,21.9,62.1,23.0,99.9,20.3,30.18,600.0,2.9,09:20:24
88.7,21.9,62.6,23.0,99.9,20.3,31.64,600.0,2.9,09:20:35
50.0,24.0,64.5,23.1,99.9,20.3,31.64,600.0,2.9,09:20:42
88.5,21.9,62.9,23.1,99.9,20.3,30.67,600.0,2.9,09:20:48
88.7,21.9,61.7,23.2,99.9,20.3,30.18,600.0,2.9,09:20:55
88.7,21.9,62.4,23.2,99.9,20.3,30.18,600.0,2.9,09:21:04
88.7,21.9,60.5,23.3,99.9,20.3,31.64,600.0,2.9,09:21:11
88.7,22.0,60.2,23.3,99.9,20.3,31.64,600.0,2.9,09:21:17
88.7,22.0,62.5,23.4,99.9,20.3,30.67,600.0,2.9,09:21:26
88.8,22.0,63.1,23.4,99.9,20.3,31.64,600.0,2.9,09:21:33
88.8,22.0,60.6,23.4,99.9,20.3,32.13,600.0,2.9,09:21:40
88.8,22.0,61.0,23.4,99.9,20.3,31.15,600.0,2.9,09:21:46
88.8,22.0,60.0,23.4,99.9,20.3,31.15,600.0,2.9,09:21:53
88.9,22.0,59.2,23.4,99.9,20.3,31.64,600.0,2.9,09:21:59
88.9,22.0,59.7,23.4,99.9,20.4,31.15,600.0,2.9,09:22:06
88.9,22.0,58.9,23.4,99.9,20.4,31.15,600.0,2.9,09:22:13
88.9,22.0,59.3,23.4,99.9,20.4,31.15,600.0,2.9,09:22:19
88.9,22.0,60.0,23.4,99.9,20.4,31.15,600.0,2.9,09:22:26
88.9,22.1,59.6,23.4,99.9,20.5,31.15,600.0,2.9,09:22:32
88.8,22.1,60.5,23.4,99.9,20.5,32.13,600.0,2.9,09:22:39
88.9,22.1,60.7,23.5,99.9,20.5,31.15,600.0,2.9,09:22:45
88.9,22.1,60.6,23.5,99.9,20.5,31.64,600.0,2.9,09:22:52
88.8,22.1,59.8,23.5,99.9,20.5,31.64,600.0,2.9,09:22:59
88.8,22.1,59.4,23.5,99.9,20.5,32.62,600.0,2.9,09:23:05
88.8,22.1,60.5,23.5,99.9,20.5,31.15,600.0,2.9,09:23:12
88.8,22.1,60.7,23.6,99.9,20.5,31.64,600.0,2.9,09:23:21
88.8,22.2,59.6,23.6,99.9,20.5,31.15,600.0,2.9,09:23:28
88.7,22.2,59.3,23.6,99.9,20.5,31.64,600.0,2.9,09:23:34
88.8,22.2,60.8,23.6,99.9,20.5,31.64,600.0,2.9,09:23:46
88.8,22.2,59.1,23.6,99.9,20.5,31.64,600.0,2.9,09:23:52
88.7,22.2,58.7,23.6,99.9,20.5,32.13,600.0,2.9,09:23:59
88.7,22.2,58.8,23.6,99.9,20.6,31.15,600.0,2.9,09:24:05
88.7,22.2,58.5,23.6,99.9,20.6,31.64,600.0,2.9,09:24:12
88.8,22.2,58.0,23.6,99.9,20.6,30.67,600.0,2.9,09:24:19
88.7,22.2,60.4,23.6,99.9,20.6,31.15,600.0,2.9,09:24:25
88.7,22.3,58.6,23.6,99.9,20.6,32.13,600.0,2.9,09:24:32
88.7,22.3,58.2,23.6,99.9,20.6,31.15,600.0,2.9,09:24:41
88.7,22.3,56.9,23.6,99.9,20.6,31.15,600.0,2.9,09:24:48
88.7,22.3,57.9,23.6,99.9,20.6,30.67,600.0,2.9,09:24:54
88.7,22.3,59.4,23.6,99.9,20.6,31.64,600.0,2.9,09:25:01
88.7,22.3,58.7,23.6,99.9,20.7,32.13,600.0,2.9,09:25:10
88.7,22.3,58.4,23.5,99.9,20.7,30.18,600.0,2.9,09:25:19
88.7,22.3,57.5,23.5,99.9,20.7,31.15,600.0,2.9,09:25:26
88.7,22.4,58.3,23.5,99.9,20.7,31.64,600.0,2.9,09:25:35
88.7,22.4,58.1,23.5,99.9,20.7,32.13,600.0,2.9,09:25:44
88.7,22.4,57.8,23.5,99.9,20.7,32.13,600.0,2.9,09:25:50
88.7,22.5,58.2,23.5,99.9,20.7,31.64,600.0,2.9,09:25:57
88.7,22.5,58.0,23.5,99.9,20.8,31.15,600.0,2.9,09:26:06
88.7,22.5,58.0,23.5,99.9,20.8,31.15,600.0,2.9,09:26:15
88.7,22.5,58.5,23.5,99.9,20.8,32.62,600.0,2.9,09:26:22
88.7,22.5,58.9,23.5,99.9,20.8,32.62,600.0,2.9,09:26:28
88.7,22.5,58.7,23.5,99.9,20.8,31.64,600.0,2.9,09:26:35
88.7,22.5,58.0,23.4,99.9,20.8,31.15,600.0,2.9,09:26:42
88.7,22.6,57.8,23.4,99.9,20.8,31.64,600.0,2.9,09:26:51
88.7,22.6,61.5,23.5,99.9,20.8,31.15,600.0,2.9,09:27:00
88.7,22.6,58.6,23.5,99.9,20.8,32.13,600.0,2.9,09:27:06
88.7,22.6,59.0,23.5,99.9,20.8,31.64,600.0,2.9,09:27:15
88.7,22.6,58.5,23.5,99.9,20.8,32.62,600.0,2.9,09:27:22
88.7,22.6,60.1,23.5,99.9,20.9,32.62,600.0,2.9,09:27:29
88.6,22.6,61.2,23.5,99.9,20.9,31.64,600.0,2.9,09:27:38
88.6,22.7,60.4,23.6,99.9,20.9,31.64,600.0,2.9,09:27:44
88.5,22.7,59.1,23.6,99.9,20.9,32.13,600.0,2.9,09:27:51
88.5,22.7,60.0,23.6,99.9,20.9,31.64,600.0,2.9,09:27:58
88.5,22.7,60.4,23.6,99.9,20.9,31.64,600.0,2.9,09:28:09
88.5,22.7,58.7,23.6,99.9,20.9,32.13,600.0,2.9,09:28:16
88.5,22.7,61.3,23.6,99.9,20.9,32.13,600.0,2.9,09:28:22
88.6,22.7,61.0,23.7,99.9,20.9,32.13,600.0,2.9,09:28:31
88.5,22.8,58.6,23.7,99.9,21.0,30.67,600.0,2.9,09:28:41
88.6,22.8,58.9,23.7,99.9,21.0,30.67,600.0,2.9,09:28:50
88.6,22.8,58.6,23.7,99.9,21.0,33.1,600.0,2.9,09:28:59
88.6,22.8,58.0,23.8,99.9,21.0,31.64,600.0,2.9,09:29:05
88.6,22.8,58.5,23.8,99.9,21.0,31.64,600.0,2.9,09:29:12
88.6,22.9,59.9,23.8,99.9,21.0,32.13,600.0,2.9,09:29:19
88.6,22.9,59.7,23.8,99.9,21.0,32.13,600.0,2.9,09:29:25
88.6,22.9,59.1,23.8,99.9,21.0,31.64,600.0,2.9,09:29:32
88.6,22.9,57.8,23.8,99.9,21.0,31.64,600.0,2.9,09:29:38
88.7,22.9,57.3,23.9,99.9,21.1,32.62,600.0,2.9,09:29:45
88.7,22.9,59.1,23.9,99.9,21.1,32.13,600.0,2.9,09:29:51
88.7,23.0,61.0,23.9,99.9,21.1,31.64,600.0,2.9,09:29:58
88.7,23.0,58.8,24.0,99.9,21.1,31.64,600.0,2.9,09:30:07
88.7,23.0,59.0,24.0,99.9,21.1,32.13,600.0,2.9,09:30:14
88.7,23.0,59.1,24.0,99.9,21.1,33.1,600.0,2.9,09:30:20
88.7,23.1,58.7,24.0,99.9,21.1,31.64,600.0,2.9,09:30:27
88.8,23.1,59.9,24.0,99.9,21.1,32.13,600.0,2.9,09:30:34
88.8,23.1,61.3,24.2,99.9,21.1,31.64,600.0,2.9,09:30:40
88.8,23.1,61.0,24.2,99.9,21.1,32.62,600.0,2.9,09:30:52
88.8,23.1,60.2,24.2,99.9,21.1,31.64,600.0,2.9,09:30:58
88.8,23.2,59.4,24.2,99.9,21.1,32.62,600.0,2.9,09:31:05
88.9,23.2,58.9,24.3,99.9,21.1,32.13,600.0,2.9,09:31:12
88.8,23.2,58.9,24.4,99.9,21.1,32.13,600.0,2.9,09:31:21
88.9,23.3,58.0,24.4,99.9,21.2,32.13,600.0,2.9,09:31:27
88.9,23.3,59.2,24.4,99.9,21.2,32.62,600.0,2.9,09:31:36
88.9,23.3,59.5,24.4,99.9,21.2,32.13,600.0,2.9,09:31:43
88.9,23.3,58.3,24.4,99.9,21.2,32.13,600.0,2.9,09:31:50
88.9,23.3,58.6,24.4,99.9,21.2,33.1,600.0,2.9,09:31:56
88.9,23.4,58.2,24.4,99.9,21.3,32.62,600.0,2.9,09:32:03
88.9,23.4,58.5,24.4,99.9,21.3,31.64,600.0,2.9,09:32:09
88.9,23.4,58.5,24.5,99.9,21.3,31.64,600.0,2.9,09:32:16
88.8,23.4,57.3,24.5,99.9,21.3,31.15,600.0,2.9,09:32:22
88.8,23.5,56.9,24.5,99.9,21.3,32.13,600.0,2.9,09:32:32
88.8,23.5,56.6,24.5,99.9,21.3,33.1,600.0,2.9,09:32:38
88.7,23.5,55.9,24.5,99.9,21.3,31.64,600.0,2.9,09:32:45
88.7,23.5,56.3,24.5,99.9,21.3,31.15,600.0,2.9,09:32:54
88.6,23.5,56.4,24.5,99.9,21.4,33.1,600.0,2.9,09:33:00
88.5,23.5,57.1,24.4,99.9,21.4,31.64,600.0,2.9,09:33:10
88.4,23.6,57.3,24.4,99.9,21.4,32.13,600.0,2.9,09:33:16
88.4,23.6,57.0,24.4,99.9,21.4,32.62,600.0,2.9,09:33:23
88.3,23.6,58.2,24.4,99.9,21.4,32.13,600.0,2.9,09:33:29
88.3,23.6,57.8,24.4,99.9,21.4,31.64,600.0,2.9,09:33:38
88.2,23.6,57.2,24.4,99.9,21.4,32.62,600.0,2.9,09:33:48
88.1,23.6,55.9,24.4,99.9,21.4,33.1,600.0,2.9,09:33:54
88.1,23.6,56.1,24.4,99.9,21.5,32.13,600.0,2.9,09:34:01
88.0,23.6,57.0,24.4,99.9,21.5,33.1,600.0,2.9,09:34:07
87.9,23.6,58.1,24.3,99.9,21.5,32.13,600.0,2.9,09:34:14
87.9,23.6,57.4,24.3,99.9,21.5,31.64,600.0,2.9,09:34:20
87.8,23.7,58.7,24.2,99.9,21.5,33.1,600.0,2.9,09:34:27
87.7,23.7,59.0,24.2,99.9,21.5,31.64,600.0,2.9,09:34:34
87.6,23.7,55.8,24.2,99.9,21.5,32.62,600.0,2.9,09:34:40
87.6,23.7,55.2,24.2,99.9,21.5,32.62,600.0,2.9,09:34:47
87.5,23.7,57.8,24.2,99.9,21.5,31.15,600.0,2.9,09:34:53
87.4,23.7,59.3,24.1,99.9,21.5,32.62,600.0,2.9,09:35:00
87.4,23.8,59.5,24.1,99.9,21.5,32.13,600.0,2.9,09:35:07
                                                    32.62,600.0,2.9,09:17:11
33.1,600.0,2.9,09:17:20
32.62,600.0,2.9,09:17:27
32.13,600.0,2.9,09:17:33
32.13,600.0,2.9,09:17:40
32.13,600.0,2.9,09:17:46
33.1,600.0,2.9,09:17:53
33.1,600.0,2.9,09:18:00
32.13,600.0,2.9,09:18:06
32.62,600.0,2.9,09:18:13
32.62,600.0,2.9,09:18:19
33.1,600.0,2.9,09:18:26
32.62,600.0,2.9,09:18:33
33.1,600.0,2.9,09:18:39
32.13,600.0,2.9,09:18:46
32.62,600.0,2.9,09:18:52
33.59,600.0,2.9,09:18:59
33.59,600.0,2.9,09:19:06
32.62,600.0,2.9,09:19:12
32.13,600.0,2.9,09:19:19
32.62,600.0,2.9,09:19:25
33.1,600.0,2.9,09:19:32
32.62,600.0,2.9,09:19:38
32.13,600.0,2.9,09:19:45
32.62,600.0,2.9,09:19:52
32.62,600.0,2.9,09:19:58
32.62,600.0,2.9,09:20:05
33.1,600.0,2.9,09:20:11
33.1,600.0,2.9,09:20:18
32.13,600.0,2.9,09:20:25
32.13,600.0,2.9,09:20:34
32.62,600.0,2.9,09:20:43
32.62,600.0,2.9,09:20:55
33.1,600.0,2.9,09:21:04
32.62,600.0,2.9,09:21:13
31.15,600.0,2.9,09:21:19
32.13,600.0,2.9,09:21:29
32.62,600.0,2.9,09:21:35
33.1,600.0,2.9,09:21:42
32.62,600.0,2.9,09:21:48
33.1,600.0,2.9,09:22:03
32.13,600.0,2.9,09:22:09
33.59,600.0,2.9,09:22:16
32.62,600.0,2.9,09:22:27
33.59,600.0,2.9,09:22:34
33.1,600.0,2.9,09:22:43
32.62,600.0,2.9,09:22:50
33.1,600.0,2.9,09:22:56
32.62,600.0,2.9,09:23:05
32.62,600.0,2.9,09:23:12
32.13,600.0,2.9,09:23:19
32.13,600.0,2.9,09:23:25
33.1,600.0,2.9,09:23:32
32.62,600.0,2.9,09:23:41
32.62,600.0,2.9,09:23:47
33.59,600.0,2.9,09:23:54
32.13,600.0,2.9,09:24:01
32.62,700.0,2.9,09:24:07
33.1,600.0,2.9,09:24:14
32.62,600.0,2.9,09:24:20
33.1,600.0,2.9,09:24:27
32.62,600.0,2.9,09:24:34
32.13,600.0,2.9,09:24:40
33.1,600.0,2.9,09:24:47
33.1,600.0,2.9,09:24:53
33.1,600.0,2.9,09:25:00
31.64,600.0,2.9,09:25:07
33.1,600.0,2.9,09:25:13
32.62,600.0,2.9,09:25:22
32.62,600.0,2.9,09:25:29
32.62,600.0,2.9,09:25:36
33.1,600.0,2.9,09:25:42
33.1,600.0,2.9,09:25:49
34.08,600.0,2.9,09:25:58
34.08,600.0,2.9,09:26:04
32.62,600.0,2.9,09:26:11
32.13,600.0,2.9,09:26:18
32.13,600.0,2.9,09:26:24
32.62,600.0,2.9,09:26:31
32.13,600.0,2.9,09:26:37
33.1,600.0,2.9,09:26:44
32.62,600.0,2.9,09:26:56
32.13,600.0,2.9,09:27:02
33.1,600.0,2.9,09:27:09
33.1,600.0,2.9,09:27:15
32.62,600.0,2.9,09:27:25
33.1,600.0,2.9,09:27:31
32.62,600.0,2.9,09:27:38
33.1,600.0,2.9,09:27:44
33.1,600.0,2.9,09:27:51
33.59,600.0,2.9,09:27:58
33.59,600.0,2.9,09:28:04
33.1,600.0,2.9,09:28:11
32.62,600.0,2.9,09:28:17
33.1,600.0,2.9,09:28:24
32.62,600.0,2.9,09:28:30
33.59,800.0,2.9,09:17:11
33.1,600.0,2.9,09:17:20
33.59,600.0,2.9,09:17:27
32.62,600.0,2.9,09:17:33
33.1,600.0,2.9,09:17:40
33.59,600.0,2.9,09:17:47
33.1,600.0,2.9,09:17:53
33.59,600.0,2.9,09:18:00
33.59,600.0,2.9,09:18:06
33.59,600.0,2.9,09:18:16
34.08,600.0,2.9,09:18:22
33.59,600.0,2.9,09:18:31
                                                                             33.59,1800.0,2.9,09:17:11
34.08,600.0,2.9,09:17:20
33.59,600.0,2.9,09:17:27
34.08,600.0,2.9,09:17:34
33.1,600.0,2.9,09:17:40
33.59,600.0,2.9,09:17:47
33.1,600.0,2.9,09:17:53
33.1,600.0,2.9,09:18:00
33.1,600.0,2.9,09:18:06
33.59,600.0,2.9,09:18:16
32.62,600.0,2.9,09:18:22
                                                                                                      33.1,600.0,2.9,09:17:11
35.05,900.0,2.9,09:17:18
33.1,600.0,2.9,09:17:25
33.59,600.0,2.9,09:17:31
34.56,600.0,2.9,09:17:38
33.59,900.0,2.9,09:17:44
33.59,700.0,2.9,09:17:51
33.59,600.0,2.9,09:17:58
                          35.05,700.0,2.9,09:17:11
34.56,600.0,2.9,09:17:21
33.59,600.0,2.9,09:17:27
34.08,600.0,2.9,09:17:36
34.08,600.0,2.9,09:17:43
33.59,600.0,2.9,09:17:50
34.08,600.0,2.9,09:17:56
33.1,600.0,2.9,09:18:05
35.05,800.0,2.9,09:17:11
33.59,600.0,2.9,09:17:20
33.1,600.0,2.9,09:17:27
33.1,600.0,2.9,09:17:33
33.59,600.0,2.9,09:17:43
34.56,600.0,2.9,09:17:49
34.08,600.0,2.9,09:17:56
34.08,600.0,2.9,09:18:05
34.08,600.0,2.9,09:18:11
33.1,600.0,2.9,09:18:18
35.54,600.0,2.9,09:18:25
34.08,600.0,2.9,09:18:31
34.08,700.0,2.9,09:18:38
35.05,600.0,2.9,09:18:44
35.05,600.0,2.9,09:18:51
                                                                              35.05,600.0,2.9,09:17:11
34.56,1800.0,2.9,09:17:20
35.05,600.0,2.9,09:17:32
35.05,600.0,2.9,09:17:44
34.56,600.0,2.9,09:17:53
33.59,600.0,2.9,09:17:59
34.56,600.0,2.9,09:18:08
35.05,600.0,2.9,09:18:18
35.05,600.0,2.9,09:18:27
83.3,24.6,58.2,22.7,99.9,23.9,35.05,600.0,2.9,10:20:55
83.3,24.6,57.5,22.7,99.9,23.9,34.56,600.0,2.9,10:21:04
83.4,24.6,58.1,22.6,99.9,23.9,34.56,600.0,2.9,10:21:10
                                                                                                                32.13,1000.0,2.9,10:21:02
32.13,600.0,2.9,10:21:11
31.64,600.0,2.9,10:21:17
31.64,600.0,2.9,10:21:24
31.64,600.0,2.9,10:21:30
32.62,600.0,2.9,10:21:37
32.13,600.0,2.9,10:21:44
32.62,600.0,2.9,10:21:50
32.62,600.0,2.9,10:21:57
31.64,600.0,2.9,10:22:03
33.1,600.0,2.9,10:22:10
32.13,600.0,2.9,10:22:17
32.62,600.0,2.9,10:22:23
33.1,600.0,2.9,10:22:30
32.62,600.0,2.9,10:22:36
33.1,600.0,2.9,10:22:46
32.62,600.0,2.9,10:22:52
32.62,600.0,2.9,10:22:59
33.1,600.0,2.9,10:23:05
33.1,600.0,2.9,10:23:12
32.62,600.0,2.9,10:23:19
32.62,600.0,2.9,10:23:25
32.62,600.0,2.9,10:23:32
32.13,600.0,2.9,10:23:41
33.59,600.0,2.9,10:23:47
33.1,600.0,2.9,10:23:54
33.1,600.0,2.9,10:24:01
33.59,600.0,2.9,10:24:07
33.1,600.0,2.9,10:24:14
33.1,600.0,2.9,10:24:20
33.59,600.0,2.9,10:24:27
33.59,600.0,2.9,10:24:34
34.56,600.0,2.9,10:24:43
32.62,600.0,2.9,10:24:49
33.59,600.0,2.9,10:24:56
33.59,600.0,2.9,10:25:02
34.08,600.0,2.9,10:25:09
34.08,600.0,2.9,10:25:16
33.59,600.0,2.9,10:25:25
34.08,600.0,2.9,10:25:31
34.08,600.0,2.9,10:25:38
33.59,600.0,2.9,10:25:47
34.08,600.0,2.9,10:25:54
34.08,600.0,2.9,10:26:00
34.56,600.0,2.9,10:26:09
33.1,600.0,2.9,10:26:19
34.56,600.0,2.9,10:26:28
34.08,600.0,2.9,10:26:34
34.56,600.0,2.9,10:26:41
34.08,600.0,2.9,10:26:55
34.08,600.0,2.9,10:27:04
33.59,600.0,2.9,10:27:13
34.56,600.0,2.9,10:27:20
34.56,600.0,2.9,10:27:26
35.05,600.0,2.9,10:27:38
35.05,600.0,2.9,10:27:45
36.02,600.0,2.9,10:27:54
                          36.02,600.0,2.9,10:21:02
36.02,600.0,2.9,10:21:11
35.05,600.0,2.9,10:21:17
35.54,600.0,2.9,10:21:24
36.02,600.0,2.9,10:21:30
36.02,600.0,2.9,10:21:40
35.54,600.0,2.9,10:21:46
36.51,600.0,2.9,10:21:53
35.54,600.0,2.9,10:21:59
35.05,600.0,2.9,10:22:06
36.02,600.0,2.9,10:22:13
35.54,600.0,2.9,10:22:19
36.51,600.0,2.9,10:22:26
35.54,600.0,2.9,10:22:32
35.54,600.0,2.9,10:22:39
37.0,600.0,2.9,10:22:46
36.02,600.0,2.9,10:22:55
34.56,600.0,2.9,10:23:01
35.54,600.0,2.9,10:23:08
35.54,600.0,2.9,10:23:14
36.51,600.0,2.9,10:23:21
36.02,600.0,2.9,10:23:28
36.02,600.0,2.9,10:23:34
35.54,600.0,2.9,10:23:41
36.51,600.0,2.9,10:23:47
36.02,600.0,2.9,10:23:54
37.0,600.0,2.9,10:24:01
37.0,600.0,2.9,10:24:07
37.48,600.0,2.9,10:24:14
36.51,600.0,2.9,10:24:23
36.51,600.0,2.9,10:24:30
36.51,600.0,2.9,10:24:36
37.0,600.0,2.9,10:24:43
36.51,600.0,2.9,10:24:49
37.0,600.0,2.9,10:24:56
37.0,600.0,2.9,10:21:02
37.48,600.0,2.9,10:21:11
37.97,600.0,2.9,10:21:17
37.48,600.0,2.9,10:21:24
37.0,600.0,2.9,10:21:33
37.48,600.0,2.9,10:21:45
37.0,600.0,2.9,10:21:51
36.51,600.0,2.9,10:22:00
37.48,600.0,2.9,10:22:07
37.0,600.0,2.9,10:22:14
37.48,600.0,2.9,10:22:23
37.97,600.0,2.9,10:22:29
37.0,600.0,2.9,10:22:36
37.97,600.0,2.9,10:22:43
37.0,600.0,2.9,10:22:49
38.95,600.0,2.9,10:22:56
37.97,600.0,2.9,10:23:02
37.0,600.0,2.9,10:23:09
37.48,600.0,2.9,10:23:16
37.48,600.0,2.9,10:23:22
37.97,600.0,2.9,10:23:29
37.0,600.0,2.9,10:23:35
37.97,600.0,2.9,10:23:42
37.0,600.0,2.9,10:23:48
38.46,600.0,2.9,10:23:55
37.97,600.0,2.9,10:24:02
37.97,600.0,2.9,10:24:08
37.97,600.0,2.9,10:24:15
37.48,600.0,2.9,10:24:21
37.97,600.0,2.9,10:24:28
38.46,600.0,2.9,10:24:37
38.95,600.0,2.9,10:24:46
38.95,600.0,2.9,10:24:53
38.95,600.0,2.9,10:24:59
37.97,600.0,2.9,10:25:06
38.46,600.0,2.9,10:25:13
38.46,600.0,2.9,10:25:22
38.95,600.0,2.9,10:25:31
38.95,600.0,2.9,10:26:15
38.46,600.0,2.9,10:26:59
38.46,600.0,2.9,10:27:43
39.92,600.0,2.9,10:28:27
39.92,600.0,2.9,10:29:11
38.95,600.0,2.9,10:29:55
40.41,600.0,2.9,10:30:41
39.43,600.0,2.9,10:31:03
40.89,600.0,2.9,10:31:10
40.41,600.0,2.9,10:31:16
41.38,600.0,2.9,10:31:23
40.89,600.0,2.9,10:31:30
41.38,600.0,2.9,10:31:36
40.89,600.0,2.9,10:31:43
40.89,600.0,2.9,10:31:54
40.41,600.0,2.9,10:32:03
40.89,600.0,2.9,10:32:10
                          41.38,700.0,2.9,10:21:02
41.38,600.0,2.9,10:21:46
41.38,600.0,2.9,10:22:30
42.35,600.0,2.9,10:23:14
41.38,600.0,2.9,10:23:58
42.84,1800.0,2.9,10:21:02
                                                                              42.35,900.0,2.9,10:21:02
42.84,600.0,2.9,10:21:11
41.87,600.0,2.9,10:21:20
42.84,600.0,2.9,10:21:29
42.35,600.0,2.9,10:21:36
40.89,600.0,2.9,10:21:42
41.87,600.0,2.9,10:21:49
41.38,600.0,2.9,10:21:55
41.87,600.0,2.9,10:22:02
41.87,600.0,2.9,10:22:09
                                                    41.87,600.0,2.9,10:21:02
41.87,600.0,2.9,10:21:11
41.87,600.0,2.9,10:21:17
41.87,600.0,2.9,10:21:24
40.41,600.0,2.9,10:21:30
41.87,600.0,2.9,10:21:37
41.38,600.0,2.9,10:21:44
42.35,600.0,2.9,10:21:50
41.87,600.0,2.9,10:21:57
41.38,600.0,2.9,10:22:06
41.87,600.0,2.9,10:22:13
41.38,600.0,2.9,10:22:19
41.87,600.0,2.9,10:22:28
41.87,600.0,2.9,10:22:35
40.89,600.0,2.9,10:22:41
41.38,600.0,2.9,10:22:48
41.87,600.0,2.9,10:22:55
42.35,600.0,2.9,10:23:01
41.38,600.0,2.9,10:23:08
41.38,600.0,2.9,10:23:14
41.87,600.0,2.9,10:23:21
41.38,600.0,2.9,10:23:28
40.89,600.0,2.9,10:23:34
41.87,600.0,2.9,10:23:43
41.38,600.0,2.9,10:23:50
41.38,600.0,2.9,10:23:57
41.87,600.0,2.9,10:24:03
41.38,600.0,2.9,10:24:10
41.38,600.0,2.9,10:24:16
41.38,600.0,2.9,10:24:23
41.87,600.0,2.9,10:24:30
40.41,600.0,2.9,10:24:36
41.87,600.0,2.9,10:24:43
42.84,600.0,2.9,10:24:49
42.84,600.0,2.9,10:24:56
42.35,600.0,2.9,10:25:02
41.87,600.0,2.9,10:25:09
41.87,600.0,2.9,10:25:16
41.87,600.0,2.9,10:25:22
42.35,600.0,2.9,10:25:29
41.38,600.0,2.9,10:25:35
41.87,600.0,2.9,10:25:42
42.35,600.0,2.9,10:25:51
41.87,600.0,2.9,10:26:00
41.87,600.0,2.9,10:26:07
41.38,600.0,2.9,10:26:13
42.84,600.0,2.9,10:26:20
41.87,600.0,2.9,10:26:27
42.84,600.0,2.9,10:26:33
42.35,600.0,2.9,10:26:40
41.87,600.0,2.9,10:26:49
42.84,600.0,2.9,10:26:56
41.87,600.0,2.9,10:27:02
42.84,600.0,2.9,10:27:11
42.84,600.0,2.9,10:27:18
42.84,600.0,2.9,10:27:24
42.35,600.0,2.9,10:27:31
42.35,600.0,2.9,10:27:38
42.84,600.0,2.9,10:27:44
44.3,600.0,2.9,10:27:51
42.84,600.0,2.9,10:28:00
42.84,600.0,2.9,10:28:07
42.84,600.0,2.9,10:28:13
43.82,600.0,2.9,10:28:22
43.33,600.0,2.9,10:28:29
43.33,600.0,2.9,10:28:35
42.84,600.0,2.9,10:28:42
42.84,600.0,2.9,10:28:49
43.33,600.0,2.9,10:28:55
43.33,600.0,2.9,10:29:02
44.79,600.0,2.9,10:29:08
43.33,600.0,2.9,10:29:15
43.33,600.0,2.9,10:29:22
43.33,600.0,2.9,10:29:28
43.33,600.0,2.9,10:29:35
43.82,600.0,2.9,10:29:41
43.82,600.0,2.9,10:29:48
42.84,600.0,2.9,10:29:55
42.84,600.0,2.9,10:30:01
42.84,600.0,2.9,10:30:08
43.33,600.0,2.9,10:30:14
43.82,600.0,2.9,10:30:21
44.3,600.0,2.9,10:30:30
43.82,600.0,2.9,10:30:37
43.82,600.0,2.9,10:30:43
44.79,600.0,2.9,10:30:50
                                                    43.82,600.0,2.9,10:21:02
42.84,600.0,2.9,10:21:11
41.87,600.0,2.9,10:21:17
42.35,600.0,2.9,10:21:27
42.35,600.0,2.9,10:21:36
42.84,600.0,2.9,10:21:42
41.87,600.0,2.9,10:21:49
42.84,600.0,2.9,10:22:06
43.33,600.0,2.9,10:22:12
41.87,600.0,2.9,10:22:19
42.84,600.0,2.9,10:22:25
42.84,600.0,2.9,10:22:34
41.87,600.0,2.9,10:22:44
40.41,600.0,2.9,10:21:02
38.46,600.0,2.9,10:21:11
39.43,600.0,2.9,10:21:18
38.46,600.0,2.9,10:21:24
38.95,600.0,2.9,10:21:39
38.46,600.0,2.9,10:21:52
38.95,600.0,2.9,10:22:05
                                                    38.46,900.0,2.9,10:21:02
39.43,600.0,2.9,10:21:11
38.46,600.0,2.9,10:21:17
38.46,600.0,2.9,10:21:26
37.48,600.0,2.9,10:21:33
38.95,600.0,2.9,10:21:40
38.46,600.0,2.9,10:21:46
38.46,600.0,2.9,10:21:53
37.97,600.0,2.9,10:21:59
38.46,600.0,2.9,10:22:09
38.95,600.0,2.9,10:22:20
37.97,600.0,2.9,10:22:29
38.95,600.0,2.9,10:22:38
38.46,600.0,2.9,10:22:48
38.95,600.0,2.9,10:22:54
38.95,600.0,2.9,10:23:01
38.95,600.0,2.9,10:23:07
38.46,600.0,2.9,10:23:14
38.46,600.0,2.9,10:23:21
37.97,600.0,2.9,10:23:27
39.43,600.0,2.9,10:23:34
                                                                                                         35.05,900.0,2.9,10:21:02
35.05,600.0,2.9,10:21:11
34.08,600.0,2.9,10:21:17
34.56,600.0,2.9,10:21:24
33.59,600.0,2.9,10:21:31
34.56,600.0,2.9,10:21:37
35.05,600.0,2.9,10:21:44
34.56,700.0,2.9,10:21:50
34.56,600.0,2.9,10:21:59
35.05,600.0,2.9,10:22:06
35.05,600.0,2.9,10:22:13
35.05,600.0,2.9,10:22:24
34.56,600.0,2.9,10:22:31
34.56,600.0,2.9,10:22:37
35.54,600.0,2.9,10:22:47
35.54,600.0,2.9,10:22:53
36.02,600.0,2.9,10:23:00
36.02,600.0,2.9,10:23:06
35.05,600.0,2.9,10:23:13
35.54,600.0,2.9,10:23:20
35.54,600.0,2.9,10:23:26
35.05,600.0,2.9,10:23:33
37.48,800.0,2.9,10:21:02
37.0,600.0,2.9,10:21:11
35.54,600.0,2.9,10:21:17
36.51,600.0,2.9,10:21:26
37.0,600.0,2.9,10:21:33
36.51,600.0,2.9,10:21:40
37.48,600.0,2.9,10:21:46
36.02,600.0,2.9,10:21:53
36.51,600.0,2.9,10:21:59
37.0,600.0,2.9,10:22:06
37.0,600.0,2.9,10:22:13
37.0,600.0,2.9,10:22:19
36.02,600.0,2.9,10:22:26
37.0,600.0,2.9,10:22:35
37.48,600.0,2.9,10:22:41
36.02,600.0,2.9,10:22:48
37.0,600.0,2.9,10:22:55
37.0,600.0,2.9,10:23:01
37.0,600.0,2.9,10:23:08
37.48,600.0,2.9,10:23:14
37.48,600.0,2.9,10:23:24
37.48,600.0,2.9,10:23:30
36.51,600.0,2.9,10:23:37
36.51,600.0,2.9,10:23:43
37.97,600.0,2.9,10:23:50
36.02,600.0,2.9,10:23:57
37.48,600.0,2.9,10:24:03
37.0,600.0,2.9,10:24:12
37.48,600.0,2.9,10:24:19
37.97,600.0,2.9,10:24:25
37.0,600.0,2.9,10:24:32
36.51,600.0,2.9,10:24:39
37.48,600.0,2.9,10:24:45
37.48,600.0,2.9,10:24:52
37.0,600.0,2.9,10:25:09
37.0,600.0,2.9,10:25:15
37.0,600.0,2.9,10:25:22
37.0,600.0,2.9,10:25:31
37.0,600.0,2.9,10:25:43
36.51,600.0,2.9,10:25:49
37.97,600.0,2.9,10:25:56
37.48,600.0,2.9,10:26:02
37.48,600.0,2.9,10:26:09
38.46,600.0,2.9,10:26:15
37.0,600.0,2.9,10:26:25
38.95,600.0,2.9,10:26:31
37.97,600.0,2.9,10:26:38
37.0,600.0,2.9,10:26:44
38.46,600.0,2.9,10:26:51
37.48,600.0,2.9,10:26:58
37.97,600.0,2.9,10:27:07
37.0,600.0,2.9,10:27:13
37.0,600.0,2.9,10:27:20
37.0,600.0,2.9,10:27:26
37.48,600.0,2.9,10:27:33
37.97,600.0,2.9,10:27:40
36.51,600.0,2.9,10:27:46
37.48,600.0,2.9,10:27:53
37.97,600.0,2.9,10:28:02
37.97,600.0,2.9,10:28:09
38.46,600.0,2.9,10:28:15
37.48,600.0,2.9,10:28:22
37.48,600.0,2.9,10:28:28
38.46,600.0,2.9,10:28:37
38.95,600.0,2.9,10:28:44
37.0,600.0,2.9,10:28:53
37.97,600.0,2.9,10:29:02
38.46,600.0,2.9,10:29:09
37.97,600.0,2.9,10:29:15
37.97,600.0,2.9,10:29:22
37.48,600.0,2.9,10:29:29
37.97,600.0,2.9,10:29:38
38.46,600.0,2.9,10:29:44
37.48,600.0,2.9,10:29:51
37.97,600.0,2.9,10:29:58
                                                                               37.97,800.0,2.9,10:21:02
38.95,600.0,2.9,10:21:13
38.95,600.0,2.9,10:21:20
39.43,600.0,2.9,10:21:27
38.95,600.0,2.9,10:21:33
39.43,600.0,2.9,10:21:40
38.46,600.0,2.9,10:21:49
38.46,600.0,2.9,10:21:55
38.46,600.0,2.9,10:22:02
38.95,600.0,2.9,10:22:09
38.46,600.0,2.9,10:22:15
38.95,600.0,2.9,10:22:22
38.46,600.0,2.9,10:22:28
38.46,600.0,2.9,10:22:35
38.46,600.0,2.9,10:22:42
37.48,600.0,2.9,10:22:48
37.48,600.0,2.9,10:22:55
39.43,600.0,2.9,10:23:01
38.46,600.0,2.9,10:23:08
37.97,600.0,2.9,10:23:15
38.46,600.0,2.9,10:23:21
37.97,600.0,2.9,10:23:28
38.95,600.0,2.9,10:23:37
38.46,600.0,2.9,10:23:43
38.95,600.0,2.9,10:23:50
38.95,600.0,2.9,10:23:57
                                                    38.46,1800.0,2.9,10:21:02
37.97,600.0,2.9,10:21:11
38.46,600.0,2.9,10:21:17
38.95,600.0,2.9,10:21:26
38.46,600.0,2.9,10:21:36
38.95,600.0,2.9,10:21:45
38.46,600.0,2.9,10:21:51
38.95,600.0,2.9,10:21:58
37.97,600.0,2.9,10:22:04
38.95,600.0,2.9,10:22:11
37.97,600.0,2.9,10:22:18
37.97,600.0,2.9,10:22:24
37.97,600.0,2.9,10:22:31
38.46,600.0,2.9,10:22:40
39.43,600.0,2.9,10:22:47
37.48,600.0,2.9,10:22:53
38.95,600.0,2.9,10:23:00
37.48,600.0,2.9,10:23:06
38.46,600.0,2.9,10:23:13
37.97,600.0,2.9,10:23:22
38.46,600.0,2.9,10:23:31
38.46,600.0,2.9,10:23:40
37.97,600.0,2.9,10:23:49
38.46,600.0,2.9,10:24:04
38.95,600.0,2.9,10:24:10
                                                    39.92,600.0,2.9,10:21:02
39.92,900.0,2.9,10:21:08
39.92,600.0,2.9,10:21:15
39.43,600.0,2.9,10:21:21
38.46,600.0,2.9,10:21:28
                                                    38.46,1800.0,2.9,10:21:02
38.46,600.0,2.9,10:21:11
37.97,600.0,2.9,10:21:17
38.95,600.0,2.9,10:21:24
39.43,600.0,2.9,10:21:02
38.95,700.0,2.9,10:21:08
38.95,600.0,2.9,10:21:15
38.46,600.0,2.9,10:21:21
38.46,600.0,2.9,10:21:28
                          40.41,1800.0,2.9,13:03:38
39.43,600.0,2.9,13:03:47
37.48,600.0,2.9,13:03:54
38.46,600.0,2.9,13:04:08
37.48,700.0,2.9,13:04:15
38.95,600.0,2.9,13:04:21
39.43,600.0,2.9,13:04:28
37.97,600.0,2.9,13:04:35
39.43,600.0,2.9,13:04:41
37.97,600.0,2.9,13:04:48
37.97,600.0,2.9,13:04:54
38.95,600.0,2.9,13:05:01
37.97,600.0,2.9,13:05:08
38.95,600.0,2.9,13:05:14
38.95,600.0,2.9,13:05:21
37.97,600.0,2.9,13:05:27
37.97,600.0,2.9,13:05:34
38.95,600.0,2.9,13:05:41
38.95,600.0,2.9,13:05:47
38.46,600.0,2.9,13:05:54
38.46,600.0,2.9,13:06:00
39.43,900.0,2.9,13:03:38
39.92,600.0,2.9,13:03:47
38.46,600.0,2.9,13:03:54
39.92,600.0,2.9,13:04:01
39.92,600.0,2.9,13:04:07
38.95,600.0,2.9,13:04:14
37.97,600.0,2.9,13:04:23
38.95,600.0,2.9,13:04:30
38.95,600.0,2.9,13:04:36
38.46,600.0,2.9,13:04:43
40.41,600.0,2.9,13:03:38
39.43,600.0,2.9,13:03:47
38.95,600.0,2.9,13:03:54
39.43,600.0,2.9,13:04:01
39.92,600.0,2.9,13:04:07
39.92,600.0,2.9,13:04:14
39.92,600.0,2.9,13:04:20
38.95,600.0,2.9,13:04:27
40.41,600.0,2.9,13:04:34
38.95,600.0,2.9,13:04:40
38.95,600.0,2.9,13:04:47
39.92,600.0,2.9,13:04:53
39.43,600.0,2.9,13:05:00
39.43,600.0,2.9,13:05:07
39.43,600.0,2.9,13:05:13
38.95,600.0,2.9,13:05:20
39.43,600.0,2.9,13:05:26
38.95,600.0,2.9,13:05:33
38.95,600.0,2.9,13:05:40
39.43,600.0,2.9,13:05:46
39.43,600.0,2.9,13:05:53
38.46,600.0,2.9,13:05:59
39.43,600.0,2.9,13:06:06
38.95,600.0,2.9,13:06:13
39.92,600.0,2.9,13:06:19
40.41,600.0,2.9,13:06:26
39.92,600.0,2.9,13:06:32
39.92,600.0,2.9,13:06:39
39.92,600.0,2.9,13:06:45
39.43,600.0,2.9,13:06:52
39.92,600.0,2.9,13:06:59
39.43,600.0,2.9,13:07:05
40.41,600.0,2.9,13:07:12
39.92,600.0,2.9,13:07:18
39.92,600.0,2.9,13:07:25
39.43,600.0,2.9,13:07:32
39.43,600.0,2.9,13:07:38
38.95,600.0,2.9,13:07:45
39.92,600.0,2.9,13:07:51
39.43,600.0,2.9,13:07:58
39.92,600.0,2.9,13:08:05
25.31,1800.0,2.9,13:03:38
25.8,600.0,2.9,13:03:47
25.31,600.0,2.9,13:03:54
25.31,600.0,2.9,13:04:01
25.31,600.0,2.9,13:04:07
26.28,600.0,2.9,13:04:14
25.8,600.0,2.9,13:04:20
25.8,600.0,2.9,13:04:27
26.77,600.0,2.9,13:04:34
26.28,600.0,2.9,13:04:40
27.26,600.0,2.9,13:04:47
26.77,600.0,2.9,13:04:53
27.75,600.0,2.9,13:05:03
26.28,600.0,2.9,13:05:09
26.77,600.0,2.9,13:05:16
26.77,600.0,2.9,13:05:22
26.77,600.0,2.9,13:05:29
27.26,600.0,2.9,13:05:35
27.26,600.0,2.9,13:05:42
28.23,600.0,2.9,13:05:49
27.26,600.0,2.9,13:05:55
27.26,600.0,2.9,13:06:02
28.23,600.0,2.9,13:06:11
28.23,600.0,2.9,13:06:18
27.75,600.0,2.9,13:06:24
27.75,600.0,2.9,13:06:36
27.75,600.0,2.9,13:06:42
28.23,600.0,2.9,13:06:49
29.21,600.0,2.9,13:06:56
29.21,600.0,2.9,13:07:02
27.26,600.0,2.9,13:07:09
28.23,600.0,2.9,13:07:18
29.69,600.0,2.9,13:07:25
29.21,600.0,2.9,13:07:31
28.72,600.0,2.9,13:07:38
29.69,600.0,2.9,13:07:44
29.21,600.0,2.9,13:07:51
28.72,600.0,2.9,13:07:57
29.21,600.0,2.9,13:08:04
29.69,600.0,2.9,13:08:11
28.72,600.0,2.9,13:08:17
29.21,600.0,2.9,13:08:24
29.69,600.0,2.9,13:08:30
30.18,600.0,2.9,13:08:37
29.69,600.0,2.9,13:08:44
30.67,600.0,2.9,13:08:50
29.69,600.0,2.9,13:08:57
30.18,600.0,2.9,13:09:06
30.67,900.0,2.9,13:09:13
29.69,600.0,2.9,13:09:19
31.15,600.0,2.9,13:09:26
29.69,600.0,2.9,13:09:32
29.69,600.0,2.9,13:09:39
29.69,600.0,2.9,13:09:48
30.18,600.0,2.9,13:09:55
29.69,600.0,2.9,13:10:04
